{"cameraMode":{"drawMode":0,"name":"Shaded","section":"Shading Mode"},"sceneLighting":true,"audioPlay":false,"sceneViewState":{"showFog":false,"showMaterialUpdate":false,"showSkybox":false,"showFlares":false,"showImageEffects":false,"showParticleSystems":false},"in2DMode":false,"pivot":{"x":-156.6161346435547,"y":-72.537353515625,"z":184.87509155273438},"rotation":{"x":-0.15213492512702943,"y":0.20011267066001893,"z":-0.031536903232336047,"w":-0.9673755168914795},"size":237.16204833984376,"orthographic":false}