{"cameraMode":{"drawMode":0,"name":"Shaded","section":"Shading Mode"},"sceneLighting":true,"audioPlay":false,"sceneViewState":{"showFog":false,"showMaterialUpdate":false,"showSkybox":false,"showFlares":false,"showImageEffects":false,"showParticleSystems":false},"in2DMode":false,"pivot":{"x":-7.007174396278515e-9,"y":0.4232611060142517,"z":0.0020990753546357157},"rotation":{"x":-0.15213492512702943,"y":0.20011267066001893,"z":-0.031536903232336047,"w":-0.9673755168914795},"size":1.39677894115448,"orthographic":false}