{"cameraMode":{"drawMode":0,"name":"Shaded","section":"Shading Mode"},"sceneLighting":true,"audioPlay":false,"sceneViewState":{"showFog":true,"showMaterialUpdate":false,"showSkybox":true,"showFlares":true,"showImageEffects":true,"showParticleSystems":true},"in2DMode":false,"pivot":{"x":-6.614740371704102,"y":8.167314529418946,"z":147.8483123779297},"rotation":{"x":-0.2143239825963974,"y":0.35723039507865908,"z":-0.08458615839481354,"w":-0.9051502346992493},"size":43.66088104248047,"orthographic":false}