{"cameraMode":{"drawMode":0,"name":"Shaded","section":"Shading Mode"},"sceneLighting":true,"audioPlay":false,"sceneViewState":{"showFog":true,"showMaterialUpdate":true,"showSkybox":true,"showFlares":true,"showImageEffects":true,"showParticleSystems":true},"in2DMode":false,"pivot":{"x":-7.007174396278515e-9,"y":0.4232611060142517,"z":0.0020990753546357157},"rotation":{"x":0.02042158879339695,"y":0.955037534236908,"z":-0.2879214882850647,"w":0.0677311047911644},"size":2.5867576599121095,"orthographic":true}