{"cameraMode":{"drawMode":0,"name":"Shaded","section":"Shading Mode"},"sceneLighting":true,"audioPlay":false,"sceneViewState":{"showFog":false,"showMaterialUpdate":false,"showSkybox":false,"showFlares":false,"showImageEffects":false,"showParticleSystems":false},"in2DMode":false,"pivot":{"x":1.7318577766418458,"y":-54.35443115234375,"z":145.78451538085938},"rotation":{"x":-0.18490397930145265,"y":0.016197320073843004,"z":-0.003112972481176257,"w":-0.9826182126998901},"size":166.59521484375,"orthographic":false}